{"cameraMode":{"drawMode":0,"name":"Shaded","section":"Shading Mode"},"sceneLighting":false,"audioPlay":false,"sceneViewState":{"m_AlwaysRefresh":false,"showFog":true,"showSkybox":false,"showFlares":true,"showImageEffects":true,"showParticleSystems":true,"showVisualEffectGraphs":true,"m_FxEnabled":true},"in2DMode":false,"pivot":{"x":-0.5490779876708984,"y":2.671072483062744,"z":15.346969604492188},"rotation":{"x":0.30766087770462038,"y":-0.47808173298835757,"z":0.18340951204299928,"w":0.8019958138465881},"size":1.7180343866348267,"orthographic":false}