{"cameraMode":{"drawMode":0,"name":"Shaded","section":"Shading Mode"},"sceneLighting":false,"audioPlay":false,"sceneViewState":{"m_AlwaysRefresh":false,"showFog":true,"showSkybox":false,"showFlares":true,"showImageEffects":true,"showParticleSystems":true,"showVisualEffectGraphs":true,"m_FxEnabled":true},"in2DMode":false,"pivot":{"x":1.1889066696166993,"y":2.6963095664978029,"z":13.783475875854493},"rotation":{"x":0.047598402947187427,"y":-0.9480522871017456,"z":0.26422932744026186,"w":0.1707901954650879},"size":1.4660253524780274,"orthographic":false}