{"cameraMode":{"drawMode":0,"name":"Shaded","section":"Shading Mode"},"sceneLighting":false,"audioPlay":false,"sceneViewState":{"m_AlwaysRefresh":false,"showFog":true,"showSkybox":false,"showFlares":true,"showImageEffects":true,"showParticleSystems":true,"showVisualEffectGraphs":true,"m_FxEnabled":true},"in2DMode":false,"pivot":{"x":0.9268277883529663,"y":-4.147078990936279,"z":-6.303939342498779},"rotation":{"x":0.013927583582699299,"y":0.977226972579956,"z":-0.06784013658761978,"w":0.20062486827373506},"size":0.7698613405227661,"orthographic":false}