{"cameraMode":{"drawMode":0,"name":"Shaded","section":"Shading Mode"},"sceneLighting":false,"audioPlay":false,"sceneViewState":{"m_AlwaysRefresh":false,"showFog":true,"showSkybox":false,"showFlares":true,"showImageEffects":true,"showParticleSystems":true,"showVisualEffectGraphs":true,"m_FxEnabled":true},"in2DMode":false,"pivot":{"x":5.590700626373291,"y":1.3832279443740845,"z":0.057903386652469638},"rotation":{"x":-0.3825330138206482,"y":-0.05740520358085632,"z":0.023755893111228944,"w":-0.9219163656234741},"size":5.104831218719482,"orthographic":false}