{"cameraMode":{"drawMode":0,"name":"Shaded","section":"Shading Mode"},"sceneLighting":false,"audioPlay":false,"sceneViewState":{"m_AlwaysRefresh":false,"showFog":true,"showSkybox":false,"showFlares":true,"showImageEffects":true,"showParticleSystems":true,"showVisualEffectGraphs":true,"m_FxEnabled":true},"in2DMode":false,"pivot":{"x":-1.1920928955078126e-7,"y":2.3145389556884767,"z":14.632922172546387},"rotation":{"x":0.012422483414411545,"y":-0.977394163608551,"z":0.20251622796058656,"w":0.059926167130470279},"size":2.2823894023895265,"orthographic":false}