{"cameraMode":{"drawMode":0,"name":"Shaded","section":"Shading Mode"},"sceneLighting":false,"audioPlay":false,"sceneViewState":{"m_AlwaysRefresh":false,"showFog":true,"showSkybox":false,"showFlares":true,"showImageEffects":true,"showParticleSystems":true,"showVisualEffectGraphs":true,"m_FxEnabled":false},"in2DMode":false,"pivot":{"x":0.005957840941846371,"y":-0.11257778853178024,"z":0.3039950132369995},"rotation":{"x":0.216996967792511,"y":0.005419871304184198,"z":-0.0012410880299285055,"w":0.9762753248214722},"size":0.2660253643989563,"orthographic":false}