{"cameraMode":{"drawMode":0,"name":"Shaded","section":"Shading Mode"},"sceneLighting":false,"audioPlay":false,"sceneViewState":{"m_AlwaysRefresh":false,"showFog":true,"showSkybox":false,"showFlares":true,"showImageEffects":true,"showParticleSystems":true,"showVisualEffectGraphs":true,"m_FxEnabled":true},"in2DMode":false,"pivot":{"x":0.6554352045059204,"y":1.1373218297958375,"z":-1.4003630876541138},"rotation":{"x":-0.18994008004665376,"y":0.10931534320116043,"z":-0.021280281245708467,"w":-0.975468099117279},"size":1.9732050895690919,"orthographic":false}