{"cameraMode":{"drawMode":0,"name":"Shaded","section":"Shading Mode"},"sceneLighting":false,"audioPlay":false,"sceneViewState":{"m_AlwaysRefresh":false,"showFog":true,"showSkybox":false,"showFlares":true,"showImageEffects":true,"showParticleSystems":true,"showVisualEffectGraphs":true,"m_FxEnabled":true},"in2DMode":false,"pivot":{"x":4.951629638671875,"y":2.8685121536254885,"z":3.483888864517212},"rotation":{"x":0.062188904732465747,"y":-0.9312471747398377,"z":0.1900418996810913,"w":0.30472007393836977},"size":0.8660253882408142,"orthographic":false}